<WorkFlowMethodInput>
  <InputName>TraceValue</InputName>
  <InputType>int</InputType>
  <ParameterOrder>1</ParameterOrder>
  <ParameterType>in</ParameterType>
  <InputName>FSIUserId</InputName>
  <InputType>long</InputType>
  <ParameterOrder>2</ParameterOrder>
  <ParameterType>in</ParameterType>
  <InputName>GetMyProfile</InputName>
  <InputType>boolean</InputType>
  <ParameterOrder>3</ParameterOrder>
  <ParameterType>in</ParameterType>
  <InputName>UserId</InputName>
  <InputType>int</InputType>
  <ParameterOrder>4</ParameterOrder>
  <ParameterType>in</ParameterType>
  <InputName>Name</InputName>
  <InputType>string</InputType>
  <ParameterOrder>1</ParameterOrder>
  <ParameterType>out</ParameterType>
  <InputName>Email</InputName>
  <InputType>string</InputType>
  <ParameterOrder>2</ParameterOrder>
  <ParameterType>out</ParameterType>
  <InputName>Pionts</InputName>
  <InputType>string</InputType>
  <ParameterOrder>3</ParameterOrder>
  <ParameterType>out</ParameterType>
  <InputName>SocialHandle</InputName>
  <InputType>string</InputType>
  <ParameterOrder>4</ParameterOrder>
  <ParameterType>out</ParameterType>
  <InputName>Rank</InputName>
  <InputType>string</InputType>
  <ParameterOrder>5</ParameterOrder>
  <ParameterType>out</ParameterType>
  <InputName>Avatar</InputName>
  <InputType>string</InputType>
  <ParameterOrder>6</ParameterOrder>
  <ParameterType>out</ParameterType>
</WorkFlowMethodInput>