{"Relationships":[],"Columns":[{"Name":"FKIssue","Description":"FKIssue","AllowDbNull":true,"DefaultValue":"","Unique":false,"Indexer":false,"DataType":"UNIQUEIDENTIFIER","MaxLength":-1,"Priority":1,"Identity":false,"Currency":false,"Audit":false,"IsTime":false},{"Name":"FkUser","Description":"FkUser","AllowDbNull":true,"DefaultValue":"","Unique":false,"Indexer":false,"DataType":"UNIQUEIDENTIFIER","MaxLength":-1,"Priority":1,"Identity":false,"Currency":false,"Audit":false,"IsTime":false},{"Name":"Date","Description":"Date","AllowDbNull":true,"DefaultValue":"","Unique":false,"Indexer":false,"DataType":"DATETIME","MaxLength":-1,"Priority":1,"Identity":false,"Currency":false,"Audit":false,"IsTime":false},{"Name":"UserId","Description":"UserId","AllowDbNull":true,"DefaultValue":"","Unique":false,"Indexer":false,"DataType":"NVARCHAR","MaxLength":-1,"Priority":1,"Identity":false,"Currency":false,"Audit":false,"IsTime":false},{"Name":"PointsAwarded","Description":"","AllowDbNull":true,"DefaultValue":"","Unique":false,"Indexer":false,"DataType":"INT","MaxLength":-1,"Priority":1,"Identity":false,"Currency":false,"Audit":false,"IsTime":false}],"Name":"EU_MeToo","Description":"EU_MeToo","PushNotification":false,"PushNotificationMessage":"","SynchronizeOrder":10,"PermissionType":"2"}