{"Relationships":[{"ParentObject":"EU_QuestionTypes","ChildObject":"EU_LogItQuestions","BindingField":"QuestionType","DisplayField":"QuestionType","RelationshipName":"{0} EU_QuestionTypes {1} EU_LogItQuestions"}],"Columns":[{"Name":"QuestionType","Description":"","AllowDbNull":true,"DefaultValue":"","Unique":false,"Indexer":false,"DataType":"NVARCHAR","MaxLength":-1,"Priority":1,"Identity":false,"Currency":false,"Audit":false,"IsTime":false}],"Name":"EU_QuestionTypes","Description":"EU_QuestionTypes","PushNotification":false,"PushNotificationMessage":"","SynchronizeOrder":8,"PermissionType":"2"}