<WorkFlowMethodInput>
  <InputName>TraceValue</InputName>
  <InputType>int</InputType>
  <ParameterOrder>1</ParameterOrder>
  <ParameterType>in</ParameterType>
  <InputName>FSIUserId</InputName>
  <InputType>long</InputType>
  <ParameterOrder>2</ParameterOrder>
  <ParameterType>in</ParameterType>
  <InputName>FKSender</InputName>
  <InputType>string</InputType>
  <ParameterOrder>3</ParameterOrder>
  <ParameterType>in</ParameterType>
  <InputName>SenderId</InputName>
  <InputType>string</InputType>
  <ParameterOrder>4</ParameterOrder>
  <ParameterType>in</ParameterType>
  <InputName>Message</InputName>
  <InputType>string</InputType>
  <ParameterOrder>5</ParameterOrder>
  <ParameterType>in</ParameterType>
  <InputName>crndte</InputName>
  <InputType>string</InputType>
  <ParameterOrder>6</ParameterOrder>
  <ParameterType>in</ParameterType>
  <InputName>FKReciever</InputName>
  <InputType>string</InputType>
  <ParameterOrder>7</ParameterOrder>
  <ParameterType>in</ParameterType>
  <InputName>RecieverId</InputName>
  <InputType>string</InputType>
  <ParameterOrder>8</ParameterOrder>
  <ParameterType>in</ParameterType>
  <InputName>FKIssue</InputName>
  <InputType>string</InputType>
  <ParameterOrder>9</ParameterOrder>
  <ParameterType>in</ParameterType>
  <InputName>FKComment</InputName>
  <InputType>string</InputType>
  <ParameterOrder>10</ParameterOrder>
  <ParameterType>in</ParameterType>
  <InputName>fkmessage</InputName>
  <InputType>string</InputType>
  <ParameterOrder>11</ParameterOrder>
  <ParameterType>in</ParameterType>
  <InputName>NotificationStatus</InputName>
  <InputType>string</InputType>
  <ParameterOrder>12</ParameterOrder>
  <ParameterType>in</ParameterType>
  <InputName>FKUserDetails</InputName>
  <InputType>guid</InputType>
  <ParameterOrder>13</ParameterOrder>
  <ParameterType>in</ParameterType>
  <InputName>NotificationMessage</InputName>
  <InputType>string</InputType>
  <ParameterOrder>14</ParameterOrder>
  <ParameterType>in</ParameterType>
  <InputName>NotificationUser</InputName>
  <InputType>string</InputType>
  <ParameterOrder>15</ParameterOrder>
  <ParameterType>in</ParameterType>
  <InputName>NotificationType</InputName>
  <InputType>string</InputType>
  <ParameterOrder>16</ParameterOrder>
  <ParameterType>in</ParameterType>
  <InputName>ReadStatus</InputName>
  <InputType>string</InputType>
  <ParameterOrder>17</ParameterOrder>
  <ParameterType>in</ParameterType>
  <InputName>notifidte</InputName>
  <InputType>string</InputType>
  <ParameterOrder>18</ParameterOrder>
  <ParameterType>in</ParameterType>
</WorkFlowMethodInput>