<permissions>
  <permission CategoryId="10813" CategoryName="DefaultFormCategory-Timeline" IsDefaultForm="true" CustomPermissionId="22369" Attribute="0" PermissionType="1" MenuId="" MenuName="" PermissionName="Default form permission-MyTimeline" PermissionDescription="" IsArchival="false" IsForm="true" FormName="Timeline" />
  <permission CategoryId="10813" CategoryName="DefaultFormCategory-Timeline" IsDefaultForm="true" CustomPermissionId="22374" Attribute="0" PermissionType="1" MenuId="" MenuName="" PermissionName="Default form permission-SharePage" PermissionDescription="" IsArchival="false" IsForm="true" FormName="SharePage" />
  <permission CategoryId="10813" CategoryName="DefaultFormCategory-Timeline" IsDefaultForm="true" CustomPermissionId="22375" Attribute="0" PermissionType="1" MenuId="" MenuName="" PermissionName="Default form permission-Comment" PermissionDescription="" IsArchival="false" IsForm="true" FormName="Comment" />
  <permission CategoryId="10813" CategoryName="DefaultFormCategory-Timeline" IsDefaultForm="true" CustomPermissionId="22378" Attribute="0" PermissionType="1" MenuId="" MenuName="" PermissionName="Default form permission-page3" PermissionDescription="" IsArchival="false" IsForm="true" FormName="page3" />
  <permission CategoryId="10813" CategoryName="DefaultFormCategory-Timeline" IsDefaultForm="true" CustomPermissionId="22390" Attribute="0" PermissionType="1" MenuId="" MenuName="" PermissionName="Default form permission-MyProfilePage" PermissionDescription="" IsArchival="false" IsForm="true" FormName="MyProfilePage" />
  <permission CategoryId="10813" CategoryName="DefaultFormCategory-Timeline" IsDefaultForm="true" CustomPermissionId="22394" Attribute="0" PermissionType="1" MenuId="" MenuName="" PermissionName="Default form permission-MenuFunction" PermissionDescription="" IsArchival="false" IsForm="true" FormName="MenuFunction" />
  <permission CategoryId="10813" CategoryName="DefaultFormCategory-Timeline" IsDefaultForm="true" CustomPermissionId="22395" Attribute="0" PermissionType="1" MenuId="" MenuName="" PermissionName="Default form permission-Messages" PermissionDescription="" IsArchival="false" IsForm="true" FormName="Messages" />
  <permission CategoryId="10813" CategoryName="DefaultFormCategory-Timeline" IsDefaultForm="true" CustomPermissionId="22396" Attribute="0" PermissionType="1" MenuId="" MenuName="" PermissionName="Default form permission-LogItPage" PermissionDescription="" IsArchival="false" IsForm="true" FormName="LogItPage" />
  <permission CategoryId="10813" CategoryName="DefaultFormCategory-Timeline" IsDefaultForm="true" CustomPermissionId="22398" Attribute="0" PermissionType="1" MenuId="" MenuName="" PermissionName="Default form permission-Feedback" PermissionDescription="" IsArchival="false" IsForm="true" FormName="Feedback" />
  <permission CategoryId="10813" CategoryName="DefaultFormCategory-Timeline" IsDefaultForm="true" CustomPermissionId="22435" Attribute="0" PermissionType="1" MenuId="" MenuName="" PermissionName="Default form permission-UsedTables" PermissionDescription="" IsArchival="false" IsForm="true" FormName="UsedTables" />
  <permission CategoryId="10813" CategoryName="DefaultFormCategory-Timeline" IsDefaultForm="true" CustomPermissionId="22463" Attribute="0" PermissionType="1" MenuId="" MenuName="" PermissionName="Default form permission-AddNewRankings" PermissionDescription="" IsArchival="false" IsForm="true" FormName="AddNewRankings" />
  <permission CategoryId="10813" CategoryName="DefaultFormCategory-Timeline" IsDefaultForm="true" CustomPermissionId="22483" Attribute="0" PermissionType="1" MenuId="" MenuName="" PermissionName="Default form permission-EditUserRankings" PermissionDescription="" IsArchival="false" IsForm="true" FormName="EditUserRankings" />
  <permission CategoryId="10813" CategoryName="DefaultFormCategory-Timeline" IsDefaultForm="true" CustomPermissionId="22484" Attribute="0" PermissionType="1" MenuId="" MenuName="" PermissionName="Default form permission-UserRankings" PermissionDescription="" IsArchival="false" IsForm="true" FormName="UserRankings" />
  <permission CategoryId="10813" CategoryName="DefaultFormCategory-Timeline" IsDefaultForm="true" CustomPermissionId="22519" Attribute="0" PermissionType="1" MenuId="" MenuName="" PermissionName="Default form permission-LeaderBoardCard" PermissionDescription="" IsArchival="false" IsForm="true" FormName="LeaderBoardCard" />
  <permission CategoryId="10813" CategoryName="DefaultFormCategory-Timeline" IsDefaultForm="true" CustomPermissionId="22653" Attribute="0" PermissionType="1" MenuId="" MenuName="" PermissionName="Default form permission-MyIssues" PermissionDescription="" IsArchival="false" IsForm="true" FormName="MyIssues" />
  <permission CategoryId="10813" CategoryName="DefaultFormCategory-Timeline" IsDefaultForm="true" CustomPermissionId="22774" Attribute="0" PermissionType="1" MenuId="" MenuName="" PermissionName="Default form permission-OtherUsersProfilePage" PermissionDescription="" IsArchival="false" IsForm="true" FormName="OtherUsersProfilePage" />
  <permission CategoryId="10926" CategoryName="EndUser" IsDefaultForm="false" CustomPermissionId="22777" Attribute="1" PermissionType="3" MenuId="14982" MenuName="User Rankings" PermissionName="AccessUserRanks" PermissionDescription="Ability to Add/Edit User Ranks" IsArchival="false" IsForm="false" />
  <permission CategoryId="10926" CategoryName="EndUser" IsDefaultForm="false" CustomPermissionId="22778" Attribute="0" PermissionType="3" MenuId="14982" MenuName="User Rankings" PermissionName="DenyUserRanks" PermissionDescription="" IsArchival="false" IsForm="false" />
  <permission CategoryId="10813" CategoryName="DefaultFormCategory-Timeline" IsDefaultForm="true" CustomPermissionId="23236" Attribute="0" PermissionType="1" MenuId="" MenuName="" PermissionName="Default form permission-NewMessagePage" PermissionDescription="" IsArchival="false" IsForm="true" FormName="NewMessagePage" />
  <permission CategoryId="10813" CategoryName="DefaultFormCategory-Timeline" IsDefaultForm="true" CustomPermissionId="23355" Attribute="0" PermissionType="1" MenuId="" MenuName="" PermissionName="Default form permission-CommentSharePage" PermissionDescription="" IsArchival="false" IsForm="true" FormName="CommentSharePage" />
</permissions>