<WorkFlowMethodInput>
  <InputName>TraceValue</InputName>
  <InputType>int</InputType>
  <ParameterOrder>1</ParameterOrder>
  <ParameterType>in</ParameterType>
  <InputName>FSIUserId</InputName>
  <InputType>long</InputType>
  <ParameterOrder>2</ParameterOrder>
  <ParameterType>in</ParameterType>
  <InputName>Answers</InputName>
  <InputType>ArrayOfstring</InputType>
  <ParameterOrder>3</ParameterOrder>
  <ParameterType>in</ParameterType>
  <InputName>IsPrivate</InputName>
  <InputType>boolean</InputType>
  <ParameterOrder>4</ParameterOrder>
  <ParameterType>in</ParameterType>
  <InputName>IssueDesc</InputName>
  <InputType>string</InputType>
  <ParameterOrder>5</ParameterOrder>
  <ParameterType>in</ParameterType>
  <InputName>Image</InputName>
  <InputType>string</InputType>
  <ParameterOrder>6</ParameterOrder>
  <ParameterType>in</ParameterType>
  <InputName>IsOffensive</InputName>
  <InputType>boolean</InputType>
  <ParameterOrder>7</ParameterOrder>
  <ParameterType>in</ParameterType>
  <InputName>Result</InputName>
  <InputType>string</InputType>
  <ParameterOrder>1</ParameterOrder>
  <ParameterType>out</ParameterType>
</WorkFlowMethodInput>