{"Relationships":[],"Columns":[{"Name":"QuestionText","Description":"text of the question","AllowDbNull":true,"DefaultValue":"","Unique":false,"Indexer":false,"DataType":"NVARCHAR","MaxLength":-1,"Priority":1,"Identity":false,"Currency":false,"Audit":false,"IsTime":false},{"Name":"QuestionType","Description":"Type (Yes/No, Text, Autocomplete)","AllowDbNull":true,"DefaultValue":"","Unique":false,"Indexer":false,"DataType":"UNIQUEIDENTIFIER","MaxLength":-1,"Priority":1,"Identity":false,"Currency":false,"Audit":false,"IsTime":false},{"Name":"QuestionNumber","Description":"","AllowDbNull":true,"DefaultValue":"","Unique":false,"Indexer":false,"DataType":"INT","MaxLength":-1,"Priority":1,"Identity":false,"Currency":false,"Audit":false,"IsTime":false},{"Name":"NextYesQuestion","Description":"","AllowDbNull":true,"DefaultValue":"","Unique":false,"Indexer":false,"DataType":"INT","MaxLength":-1,"Priority":1,"Identity":false,"Currency":false,"Audit":false,"IsTime":false},{"Name":"NextNoQuestion","Description":"","AllowDbNull":true,"DefaultValue":"","Unique":false,"Indexer":false,"DataType":"NVARCHAR","MaxLength":-1,"Priority":1,"Identity":false,"Currency":false,"Audit":false,"IsTime":false},{"Name":"NextQuestionOther","Description":"","AllowDbNull":true,"DefaultValue":"","Unique":false,"Indexer":false,"DataType":"NVARCHAR","MaxLength":-1,"Priority":1,"Identity":false,"Currency":false,"Audit":false,"IsTime":false},{"Name":"WorkflowToCall","Description":"","AllowDbNull":true,"DefaultValue":"","Unique":false,"Indexer":false,"DataType":"NVARCHAR","MaxLength":-1,"Priority":1,"Identity":false,"Currency":false,"Audit":false,"IsTime":false}],"Name":"EU_LogItQuestions","Description":"Questions associated with logging a call","PushNotification":false,"PushNotificationMessage":"","SynchronizeOrder":9,"PermissionType":"1"}