{"Relationships":[],"Columns":[{"Name":"Points","Description":"","AllowDbNull":true,"DefaultValue":"","Unique":false,"Indexer":false,"DataType":"INT","MaxLength":-1,"Priority":1,"Identity":false,"Currency":false,"Audit":false,"IsTime":false},{"Name":"Action","Description":"","AllowDbNull":true,"DefaultValue":"","Unique":false,"Indexer":false,"DataType":"NVARCHAR","MaxLength":-1,"Priority":1,"Identity":false,"Currency":false,"Audit":false,"IsTime":false}],"Name":"EU_Points","Description":"Points definitions","PushNotification":false,"PushNotificationMessage":"","SynchronizeOrder":12,"PermissionType":"1"}