<WorkFlowMethodInput>
  <InputName>TraceValue</InputName>
  <InputType>int</InputType>
  <ParameterOrder>1</ParameterOrder>
  <ParameterType>in</ParameterType>
  <InputName>FSIUserId</InputName>
  <InputType>long</InputType>
  <ParameterOrder>2</ParameterOrder>
  <ParameterType>in</ParameterType>
  <InputName>Picture</InputName>
  <InputType>string</InputType>
  <ParameterOrder>3</ParameterOrder>
  <ParameterType>in</ParameterType>
  <InputName>SocialHandle</InputName>
  <InputType>string</InputType>
  <ParameterOrder>4</ParameterOrder>
  <ParameterType>in</ParameterType>
  <InputName>UserId</InputName>
  <InputType>string</InputType>
  <ParameterOrder>5</ParameterOrder>
  <ParameterType>in</ParameterType>
  <InputName>Output</InputName>
  <InputType>anyType</InputType>
  <ParameterOrder>1</ParameterOrder>
  <ParameterType>out</ParameterType>
</WorkFlowMethodInput>