<WorkFlowMethodInput>
  <InputName>TraceValue</InputName>
  <InputType>int</InputType>
  <ParameterOrder>1</ParameterOrder>
  <ParameterType>in</ParameterType>
  <InputName>FSIUserId</InputName>
  <InputType>long</InputType>
  <ParameterOrder>2</ParameterOrder>
  <ParameterType>in</ParameterType>
  <InputName>FKComment</InputName>
  <InputType>string</InputType>
  <ParameterOrder>3</ParameterOrder>
  <ParameterType>in</ParameterType>
  <InputName>NotificationStatus</InputName>
  <InputType>string</InputType>
  <ParameterOrder>4</ParameterOrder>
  <ParameterType>in</ParameterType>
  <InputName>NotificationMessage</InputName>
  <InputType>string</InputType>
  <ParameterOrder>5</ParameterOrder>
  <ParameterType>in</ParameterType>
  <InputName>NotificationType</InputName>
  <InputType>string</InputType>
  <ParameterOrder>6</ParameterOrder>
  <ParameterType>in</ParameterType>
  <InputName>NotificationUser</InputName>
  <InputType>long</InputType>
  <ParameterOrder>7</ParameterOrder>
  <ParameterType>in</ParameterType>
  <InputName>FKUserDetails</InputName>
  <InputType>anyType</InputType>
  <ParameterOrder>8</ParameterOrder>
  <ParameterType>in</ParameterType>
  <InputName>Social</InputName>
  <InputType>string</InputType>
  <ParameterOrder>9</ParameterOrder>
  <ParameterType>in</ParameterType>
</WorkFlowMethodInput>