<WorkFlowMethodInput>
  <InputName>TraceValue</InputName>
  <InputType>int</InputType>
  <ParameterOrder>1</ParameterOrder>
  <ParameterType>in</ParameterType>
  <InputName>FSIUserId</InputName>
  <InputType>long</InputType>
  <ParameterOrder>2</ParameterOrder>
  <ParameterType>in</ParameterType>
  <InputName>shortDesc</InputName>
  <InputType>string</InputType>
  <ParameterOrder>3</ParameterOrder>
  <ParameterType>in</ParameterType>
  <InputName>longDesc</InputName>
  <InputType>string</InputType>
  <ParameterOrder>4</ParameterOrder>
  <ParameterType>in</ParameterType>
  <InputName>reporter</InputName>
  <InputType>string</InputType>
  <ParameterOrder>5</ParameterOrder>
  <ParameterType>in</ParameterType>
  <InputName>systemId</InputName>
  <InputType>guid</InputType>
  <ParameterOrder>6</ParameterOrder>
  <ParameterType>in</ParameterType>
  <InputName>notes</InputName>
  <InputType>string</InputType>
  <ParameterOrder>7</ParameterOrder>
  <ParameterType>in</ParameterType>
  <InputName>response</InputName>
  <InputType>string</InputType>
  <ParameterOrder>1</ParameterOrder>
  <ParameterType>out</ParameterType>
</WorkFlowMethodInput>