<WorkFlowMethodInput>
  <InputName>TraceValue</InputName>
  <InputType>int</InputType>
  <ParameterOrder>1</ParameterOrder>
  <ParameterType>in</ParameterType>
  <InputName>FSIUserId</InputName>
  <InputType>long</InputType>
  <ParameterOrder>2</ParameterOrder>
  <ParameterType>in</ParameterType>
  <InputName>Message</InputName>
  <InputType>string</InputType>
  <ParameterOrder>3</ParameterOrder>
  <ParameterType>in</ParameterType>
  <InputName>CommentDesc</InputName>
  <InputType>string</InputType>
  <ParameterOrder>4</ParameterOrder>
  <ParameterType>in</ParameterType>
  <InputName>NotificationStatus</InputName>
  <InputType>string</InputType>
  <ParameterOrder>5</ParameterOrder>
  <ParameterType>in</ParameterType>
  <InputName>NotificationType</InputName>
  <InputType>string</InputType>
  <ParameterOrder>6</ParameterOrder>
  <ParameterType>in</ParameterType>
  <InputName>FKIssue</InputName>
  <InputType>string</InputType>
  <ParameterOrder>7</ParameterOrder>
  <ParameterType>in</ParameterType>
  <InputName>Image</InputName>
  <InputType>string</InputType>
  <ParameterOrder>8</ParameterOrder>
  <ParameterType>in</ParameterType>
</WorkFlowMethodInput>