<WorkFlowMethodInput>
  <InputName>TraceValue</InputName>
  <InputType>int</InputType>
  <ParameterOrder>1</ParameterOrder>
  <ParameterType>in</ParameterType>
  <InputName>FSIUserId</InputName>
  <InputType>long</InputType>
  <ParameterOrder>2</ParameterOrder>
  <ParameterType>in</ParameterType>
  <InputName>Filter</InputName>
  <InputType>string</InputType>
  <ParameterOrder>3</ParameterOrder>
  <ParameterType>in</ParameterType>
  <InputName>Search</InputName>
  <InputType>string</InputType>
  <ParameterOrder>4</ParameterOrder>
  <ParameterType>in</ParameterType>
  <InputName>DateSearch</InputName>
  <InputType>string</InputType>
  <ParameterOrder>5</ParameterOrder>
  <ParameterType>in</ParameterType>
  <InputName>SystemIdSearch</InputName>
  <InputType>string</InputType>
  <ParameterOrder>6</ParameterOrder>
  <ParameterType>in</ParameterType>
  <InputName>Issues</InputName>
  <InputType>string</InputType>
  <ParameterOrder>1</ParameterOrder>
  <ParameterType>out</ParameterType>
</WorkFlowMethodInput>