<WorkFlowMethodInput>
  <InputName>TraceValue</InputName>
  <InputType>int</InputType>
  <ParameterOrder>1</ParameterOrder>
  <ParameterType>in</ParameterType>
  <InputName>FSIUserId</InputName>
  <InputType>long</InputType>
  <ParameterOrder>2</ParameterOrder>
  <ParameterType>in</ParameterType>
  <InputName>Social</InputName>
  <InputType>string</InputType>
  <ParameterOrder>3</ParameterOrder>
  <ParameterType>in</ParameterType>
  <InputName>FKIssue</InputName>
  <InputType>string</InputType>
  <ParameterOrder>4</ParameterOrder>
  <ParameterType>in</ParameterType>
  <InputName>Msg</InputName>
  <InputType>string</InputType>
  <ParameterOrder>5</ParameterOrder>
  <ParameterType>in</ParameterType>
  <InputName>Status</InputName>
  <InputType>string</InputType>
  <ParameterOrder>6</ParameterOrder>
  <ParameterType>in</ParameterType>
  <InputName>Type</InputName>
  <InputType>string</InputType>
  <ParameterOrder>7</ParameterOrder>
  <ParameterType>in</ParameterType>
</WorkFlowMethodInput>