{"Relationships":[{"ParentObject":"EU_Comments","ChildObject":"EU_CommentLike","BindingField":"FKComment","DisplayField":"CommentDesc","RelationshipName":"{0} EU_Comments {1} EU_CommentLike"}],"Columns":[{"Name":"FKIssue","Description":"FKIssue","AllowDbNull":true,"DefaultValue":"","Unique":false,"Indexer":false,"DataType":"UNIQUEIDENTIFIER","MaxLength":-1,"Priority":1,"Identity":false,"Currency":false,"Audit":false,"IsTime":false},{"Name":"FKUser","Description":"FKUser","AllowDbNull":true,"DefaultValue":"","Unique":false,"Indexer":false,"DataType":"UNIQUEIDENTIFIER","MaxLength":-1,"Priority":1,"Identity":false,"Currency":false,"Audit":false,"IsTime":false},{"Name":"CommentDesc","Description":"CommentDesc","AllowDbNull":true,"DefaultValue":"","Unique":false,"Indexer":false,"DataType":"NVARCHAR","MaxLength":-1,"Priority":1,"Identity":false,"Currency":false,"Audit":false,"IsTime":false},{"Name":"CommentDate","Description":"CommentDate","AllowDbNull":true,"DefaultValue":"","Unique":false,"Indexer":false,"DataType":"DATETIME","MaxLength":-1,"Priority":1,"Identity":false,"Currency":false,"Audit":false,"IsTime":false},{"Name":"Image","Description":"Image","AllowDbNull":true,"DefaultValue":"","Unique":false,"Indexer":false,"DataType":"VARBINARY","MaxLength":-1,"Priority":1,"Identity":false,"Currency":false,"Audit":false,"IsTime":false},{"Name":"UserId","Description":"UserId","AllowDbNull":true,"DefaultValue":"","Unique":false,"Indexer":false,"DataType":"NVARCHAR","MaxLength":-1,"Priority":1,"Identity":false,"Currency":false,"Audit":false,"IsTime":false}],"Name":"EU_Comments","Description":"EU_Comments","PushNotification":false,"PushNotificationMessage":"","SynchronizeOrder":4,"PermissionType":"2"}