{"Relationships":[{"ParentObject":"EU_Issue","ChildObject":"EU_Comments","BindingField":"FKIssue","DisplayField":"IssueDesc","RelationshipName":"{0} EU_Issue {1} EU_Comments"},{"ParentObject":"EU_Issue","ChildObject":"EU_MeToo","BindingField":"FKIssue","DisplayField":"IssueDesc","RelationshipName":"{0} EU_Issue {1} EU_MeToo"}],"Columns":[{"Name":"FKUserDetails","Description":"FKUserDetails","AllowDbNull":true,"DefaultValue":"","Unique":false,"Indexer":false,"DataType":"UNIQUEIDENTIFIER","MaxLength":-1,"Priority":1,"Identity":false,"Currency":false,"Audit":false,"IsTime":false},{"Name":"IssueDesc","Description":"IssueDesc","AllowDbNull":true,"DefaultValue":"","Unique":false,"Indexer":false,"DataType":"NVARCHAR","MaxLength":-1,"Priority":1,"Identity":false,"Currency":false,"Audit":false,"IsTime":false},{"Name":"LoggedDate","Description":"LoggedDate","AllowDbNull":true,"DefaultValue":"","Unique":false,"Indexer":false,"DataType":"DATETIME","MaxLength":-1,"Priority":1,"Identity":false,"Currency":false,"Audit":false,"IsTime":false},{"Name":"IssueStatus","Description":"IssueStatus","AllowDbNull":true,"DefaultValue":"","Unique":false,"Indexer":false,"DataType":"NVARCHAR","MaxLength":-1,"Priority":1,"Identity":false,"Currency":false,"Audit":false,"IsTime":false},{"Name":"AssignedDate","Description":"AssignedDate","AllowDbNull":true,"DefaultValue":"","Unique":false,"Indexer":false,"DataType":"DATETIME","MaxLength":-1,"Priority":1,"Identity":false,"Currency":false,"Audit":false,"IsTime":false},{"Name":"ResolvedDate","Description":"ResolvedDate","AllowDbNull":true,"DefaultValue":"","Unique":false,"Indexer":false,"DataType":"DATETIME","MaxLength":-1,"Priority":1,"Identity":false,"Currency":false,"Audit":false,"IsTime":false},{"Name":"Image","Description":"Image","AllowDbNull":true,"DefaultValue":"","Unique":false,"Indexer":false,"DataType":"VARBINARY","MaxLength":-1,"Priority":1,"Identity":false,"Currency":false,"Audit":false,"IsTime":false},{"Name":"UserId","Description":"UserId","AllowDbNull":true,"DefaultValue":"","Unique":false,"Indexer":false,"DataType":"NVARCHAR","MaxLength":-1,"Priority":1,"Identity":false,"Currency":false,"Audit":false,"IsTime":false},{"Name":"IssuePoints","Description":"IssuePoints","AllowDbNull":true,"DefaultValue":"","Unique":false,"Indexer":false,"DataType":"INT","MaxLength":-1,"Priority":1,"Identity":false,"Currency":false,"Audit":false,"IsTime":false},{"Name":"Privacy","Description":"Privacy","AllowDbNull":true,"DefaultValue":"","Unique":false,"Indexer":false,"DataType":"NVARCHAR","MaxLength":-1,"Priority":1,"Identity":false,"Currency":false,"Audit":false,"IsTime":false},{"Name":"ExternalRef","Description":"ExternalRef","AllowDbNull":true,"DefaultValue":"","Unique":false,"Indexer":false,"DataType":"NVARCHAR","MaxLength":-1,"Priority":1,"Identity":false,"Currency":false,"Audit":false,"IsTime":false},{"Name":"ReadStatus","Description":"Read/UnRead","AllowDbNull":true,"DefaultValue":"","Unique":false,"Indexer":false,"DataType":"NVARCHAR","MaxLength":-1,"Priority":1,"Identity":false,"Currency":false,"Audit":false,"IsTime":false}],"Name":"EU_Issue","Description":"EU_Issue","PushNotification":false,"PushNotificationMessage":"","SynchronizeOrder":3,"PermissionType":"2"}