{"Relationships":[],"Columns":[{"Name":"LocationName","Description":"","AllowDbNull":true,"DefaultValue":"","Unique":false,"Indexer":false,"DataType":"NVARCHAR","MaxLength":-1,"Priority":1,"Identity":false,"Currency":false,"Audit":false,"IsTime":false},{"Name":"ExternalRef","Description":"","AllowDbNull":true,"DefaultValue":"","Unique":false,"Indexer":false,"DataType":"NVARCHAR","MaxLength":-1,"Priority":1,"Identity":false,"Currency":false,"Audit":false,"IsTime":false}],"Name":"EU_Locations","Description":"","PushNotification":false,"PushNotificationMessage":"","SynchronizeOrder":7,"PermissionType":"1"}