{"Relationships":[],"Columns":[{"Name":"FKSender","Description":"FKSender","AllowDbNull":true,"DefaultValue":"","Unique":false,"Indexer":false,"DataType":"UNIQUEIDENTIFIER","MaxLength":-1,"Priority":1,"Identity":false,"Currency":false,"Audit":false,"IsTime":false},{"Name":"SenderId","Description":"SenderId","AllowDbNull":true,"DefaultValue":"","Unique":false,"Indexer":false,"DataType":"NVARCHAR","MaxLength":-1,"Priority":1,"Identity":false,"Currency":false,"Audit":false,"IsTime":false},{"Name":"Message","Description":"Message","AllowDbNull":true,"DefaultValue":"","Unique":false,"Indexer":false,"DataType":"NVARCHAR","MaxLength":-1,"Priority":1,"Identity":false,"Currency":false,"Audit":false,"IsTime":false},{"Name":"Date","Description":"Date","AllowDbNull":true,"DefaultValue":"","Unique":false,"Indexer":false,"DataType":"DATETIME","MaxLength":-1,"Priority":1,"Identity":false,"Currency":false,"Audit":false,"IsTime":false},{"Name":"FKReciever","Description":"FKReciever","AllowDbNull":true,"DefaultValue":"","Unique":false,"Indexer":false,"DataType":"UNIQUEIDENTIFIER","MaxLength":-1,"Priority":1,"Identity":false,"Currency":false,"Audit":false,"IsTime":false},{"Name":"RecieverId","Description":"RecieverId","AllowDbNull":true,"DefaultValue":"","Unique":false,"Indexer":false,"DataType":"NVARCHAR","MaxLength":-1,"Priority":1,"Identity":false,"Currency":false,"Audit":false,"IsTime":false}],"Name":"EU_RecievedMessage","Description":"EU_RecievedMessage","PushNotification":false,"PushNotificationMessage":"","SynchronizeOrder":13,"PermissionType":"2"}